{"healthy_threshold": 63.775690887107274, "critical_threshold": 50.88665358259453}